"Kreise (2020) Kennziffer";"Kreise (2020) Name";"Siedlungsstruktureller Kreistyp (2020) Kennziffer";"Siedlungsstruktureller Kreistyp (2020) Name"
"01001000";"Flensburg, Stadt";"4";"Dünn besiedelter ländlicher Kreis"
"01002000";"Kiel, Landeshauptstadt";"1";"kreisfreie Großstadt"
"01003000";"Lübeck, Hansestadt";"1";"kreisfreie Großstadt"
"01004000";"Neumünster, Stadt";"3";"Ländlicher Kreis mit Verdichtungsansätzen"
"01051000";"Dithmarschen";"4";"Dünn besiedelter ländlicher Kreis"
"01053000";"Herzogtum Lauenburg";"3";"Ländlicher Kreis mit Verdichtungsansätzen"
"01054000";"Nordfriesland";"4";"Dünn besiedelter ländlicher Kreis"
"01055000";"Ostholstein";"3";"Ländlicher Kreis mit Verdichtungsansätzen"
"01056000";"Pinneberg";"2";"Städtischer Kreis"
"01057000";"Plön";"3";"Ländlicher Kreis mit Verdichtungsansätzen"
"01058000";"Rendsburg-Eckernförde";"3";"Ländlicher Kreis mit Verdichtungsansätzen"
"01059000";"Schleswig-Flensburg";"4";"Dünn besiedelter ländlicher Kreis"
"01060000";"Segeberg";"3";"Ländlicher Kreis mit Verdichtungsansätzen"
"01061000";"Steinburg";"4";"Dünn besiedelter ländlicher Kreis"
"01062000";"Stormarn";"2";"Städtischer Kreis"
"02000000";"Hamburg, Freie und Hansestadt";"1";"kreisfreie Großstadt"
"03101000";"Braunschweig, Stadt";"1";"kreisfreie Großstadt"
"03102000";"Salzgitter, Stadt";"1";"kreisfreie Großstadt"
"03103000";"Wolfsburg, Stadt";"1";"kreisfreie Großstadt"
"03151000";"Gifhorn";"4";"Dünn besiedelter ländlicher Kreis"
"03153000";"Goslar";"3";"Ländlicher Kreis mit Verdichtungsansätzen"
"03154000";"Helmstedt";"3";"Ländlicher Kreis mit Verdichtungsansätzen"
"03155000";"Northeim";"4";"Dünn besiedelter ländlicher Kreis"
"03157000";"Peine";"2";"Städtischer Kreis"
"03158000";"Wolfenbüttel";"3";"Ländlicher Kreis mit Verdichtungsansätzen"
"03159000";"Göttingen";"2";"Städtischer Kreis"
"03241000";"Region Hannover";"2";"Städtischer Kreis"
"03251000";"Diepholz";"3";"Ländlicher Kreis mit Verdichtungsansätzen"
"03252000";"Hameln-Pyrmont";"3";"Ländlicher Kreis mit Verdichtungsansätzen"
"03254000";"Hildesheim";"2";"Städtischer Kreis"
"03255000";"Holzminden";"3";"Ländlicher Kreis mit Verdichtungsansätzen"
"03256000";"Nienburg (Weser)";"4";"Dünn besiedelter ländlicher Kreis"
"03257000";"Schaumburg";"2";"Städtischer Kreis"
"03351000";"Celle";"4";"Dünn besiedelter ländlicher Kreis"
"03352000";"Cuxhaven";"4";"Dünn besiedelter ländlicher Kreis"
"03353000";"Harburg";"2";"Städtischer Kreis"
"03354000";"Lüchow-Dannenberg";"4";"Dünn besiedelter ländlicher Kreis"
"03355000";"Lüneburg";"4";"Dünn besiedelter ländlicher Kreis"
"03356000";"Osterholz";"2";"Städtischer Kreis"
"03357000";"Rotenburg (Wümme)";"4";"Dünn besiedelter ländlicher Kreis"
"03358000";"Heidekreis";"4";"Dünn besiedelter ländlicher Kreis"
"03359000";"Stade";"3";"Ländlicher Kreis mit Verdichtungsansätzen"
"03360000";"Uelzen";"4";"Dünn besiedelter ländlicher Kreis"
"03361000";"Verden";"3";"Ländlicher Kreis mit Verdichtungsansätzen"
"03401000";"Delmenhorst, Stadt";"3";"Ländlicher Kreis mit Verdichtungsansätzen"
"03402000";"Emden, Stadt";"3";"Ländlicher Kreis mit Verdichtungsansätzen"
"03403000";"Oldenburg (Oldenburg), Stadt";"1";"kreisfreie Großstadt"
"03404000";"Osnabrück, Stadt";"1";"kreisfreie Großstadt"
"03405000";"Wilhelmshaven, Stadt";"2";"Städtischer Kreis"
"03451000";"Ammerland";"2";"Städtischer Kreis"
"03452000";"Aurich";"3";"Ländlicher Kreis mit Verdichtungsansätzen"
"03453000";"Cloppenburg";"3";"Ländlicher Kreis mit Verdichtungsansätzen"
"03454000";"Emsland";"4";"Dünn besiedelter ländlicher Kreis"
"03455000";"Friesland";"2";"Städtischer Kreis"
"03456000";"Grafschaft Bentheim";"3";"Ländlicher Kreis mit Verdichtungsansätzen"
"03457000";"Leer";"3";"Ländlicher Kreis mit Verdichtungsansätzen"
"03458000";"Oldenburg";"3";"Ländlicher Kreis mit Verdichtungsansätzen"
"03459000";"Osnabrück";"3";"Ländlicher Kreis mit Verdichtungsansätzen"
"03460000";"Vechta";"3";"Ländlicher Kreis mit Verdichtungsansätzen"
"03461000";"Wesermarsch";"4";"Dünn besiedelter ländlicher Kreis"
"03462000";"Wittmund";"4";"Dünn besiedelter ländlicher Kreis"
"04011000";"Bremen, Stadt";"1";"kreisfreie Großstadt"
"04012000";"Bremerhaven, Stadt";"1";"kreisfreie Großstadt"
"05111000";"Düsseldorf, Stadt";"1";"kreisfreie Großstadt"
"05112000";"Duisburg, Stadt";"1";"kreisfreie Großstadt"
"05113000";"Essen, Stadt";"1";"kreisfreie Großstadt"
"05114000";"Krefeld, Stadt";"1";"kreisfreie Großstadt"
"05116000";"Mönchengladbach, Stadt";"1";"kreisfreie Großstadt"
"05117000";"Mülheim an der Ruhr, Stadt";"1";"kreisfreie Großstadt"
"05119000";"Oberhausen, Stadt";"1";"kreisfreie Großstadt"
"05120000";"Remscheid, Stadt";"1";"kreisfreie Großstadt"
"05122000";"Solingen, Klingenstadt";"1";"kreisfreie Großstadt"
"05124000";"Wuppertal, Stadt";"1";"kreisfreie Großstadt"
"05154000";"Kleve";"2";"Städtischer Kreis"
"05158000";"Mettmann";"2";"Städtischer Kreis"
"05162000";"Rhein-Kreis Neuss";"2";"Städtischer Kreis"
"05166000";"Viersen";"2";"Städtischer Kreis"
"05170000";"Wesel";"2";"Städtischer Kreis"
"05314000";"Bonn, Stadt";"1";"kreisfreie Großstadt"
"05315000";"Köln, Stadt";"1";"kreisfreie Großstadt"
"05316000";"Leverkusen, Stadt";"1";"kreisfreie Großstadt"
"05334000";"Städteregion Aachen";"2";"Städtischer Kreis"
"05358000";"Düren";"2";"Städtischer Kreis"
"05362000";"Rhein-Erft-Kreis";"2";"Städtischer Kreis"
"05366000";"Euskirchen";"2";"Städtischer Kreis"
"05370000";"Heinsberg";"2";"Städtischer Kreis"
"05374000";"Oberbergischer Kreis";"2";"Städtischer Kreis"
"05378000";"Rheinisch-Bergischer Kreis";"2";"Städtischer Kreis"
"05382000";"Rhein-Sieg-Kreis";"2";"Städtischer Kreis"
"05512000";"Bottrop, Stadt";"1";"kreisfreie Großstadt"
"05513000";"Gelsenkirchen, Stadt";"1";"kreisfreie Großstadt"
"05515000";"Münster, Stadt";"1";"kreisfreie Großstadt"
"05554000";"Borken";"2";"Städtischer Kreis"
"05558000";"Coesfeld";"2";"Städtischer Kreis"
"05562000";"Recklinghausen";"2";"Städtischer Kreis"
"05566000";"Steinfurt";"2";"Städtischer Kreis"
"05570000";"Warendorf";"2";"Städtischer Kreis"
"05711000";"Bielefeld, Stadt";"1";"kreisfreie Großstadt"
"05754000";"Gütersloh";"2";"Städtischer Kreis"
"05758000";"Herford";"2";"Städtischer Kreis"
"05762000";"Höxter";"3";"Ländlicher Kreis mit Verdichtungsansätzen"
"05766000";"Lippe";"2";"Städtischer Kreis"
"05770000";"Minden-Lübbecke";"2";"Städtischer Kreis"
"05774000";"Paderborn";"2";"Städtischer Kreis"
"05911000";"Bochum, Stadt";"1";"kreisfreie Großstadt"
"05913000";"Dortmund, Stadt";"1";"kreisfreie Großstadt"
"05914000";"Hagen, Stadt der FernUniversität";"1";"kreisfreie Großstadt"
"05915000";"Hamm, Stadt";"1";"kreisfreie Großstadt"
"05916000";"Herne, Stadt";"1";"kreisfreie Großstadt"
"05954000";"Ennepe-Ruhr-Kreis";"2";"Städtischer Kreis"
"05958000";"Hochsauerlandkreis";"3";"Ländlicher Kreis mit Verdichtungsansätzen"
"05962000";"Märkischer Kreis";"2";"Städtischer Kreis"
"05966000";"Olpe";"2";"Städtischer Kreis"
"05970000";"Siegen-Wittgenstein";"2";"Städtischer Kreis"
"05974000";"Soest";"2";"Städtischer Kreis"
"05978000";"Unna";"2";"Städtischer Kreis"
"06411000";"Darmstadt, Wissenschaftsstadt";"1";"kreisfreie Großstadt"
"06412000";"Frankfurt am Main, Stadt";"1";"kreisfreie Großstadt"
"06413000";"Offenbach am Main, Stadt";"1";"kreisfreie Großstadt"
"06414000";"Wiesbaden, Landeshauptstadt";"1";"kreisfreie Großstadt"
"06431000";"Bergstraße";"2";"Städtischer Kreis"
"06432000";"Darmstadt-Dieburg";"2";"Städtischer Kreis"
"06433000";"Groß-Gerau";"2";"Städtischer Kreis"
"06434000";"Hochtaunuskreis";"2";"Städtischer Kreis"
"06435000";"Main-Kinzig-Kreis";"2";"Städtischer Kreis"
"06436000";"Main-Taunus-Kreis";"2";"Städtischer Kreis"
"06437000";"Odenwaldkreis";"2";"Städtischer Kreis"
"06438000";"Offenbach";"2";"Städtischer Kreis"
"06439000";"Rheingau-Taunus-Kreis";"2";"Städtischer Kreis"
"06440000";"Wetteraukreis";"2";"Städtischer Kreis"
"06531000";"Gießen";"2";"Städtischer Kreis"
"06532000";"Lahn-Dill-Kreis";"2";"Städtischer Kreis"
"06533000";"Limburg-Weilburg";"2";"Städtischer Kreis"
"06534000";"Marburg-Biedenkopf";"3";"Ländlicher Kreis mit Verdichtungsansätzen"
"06535000";"Vogelsbergkreis";"4";"Dünn besiedelter ländlicher Kreis"
"06611000";"Kassel, documenta-Stadt";"1";"kreisfreie Großstadt"
"06631000";"Fulda";"3";"Ländlicher Kreis mit Verdichtungsansätzen"
"06632000";"Hersfeld-Rotenburg";"4";"Dünn besiedelter ländlicher Kreis"
"06633000";"Kassel";"2";"Städtischer Kreis"
"06634000";"Schwalm-Eder-Kreis";"3";"Ländlicher Kreis mit Verdichtungsansätzen"
"06635000";"Waldeck-Frankenberg";"4";"Dünn besiedelter ländlicher Kreis"
"06636000";"Werra-Meißner-Kreis";"4";"Dünn besiedelter ländlicher Kreis"
"07111000";"Koblenz, kreisfreie Stadt";"1";"kreisfreie Großstadt"
"07131000";"Ahrweiler";"3";"Ländlicher Kreis mit Verdichtungsansätzen"
"07132000";"Altenkirchen (Westerwald)";"2";"Städtischer Kreis"
"07133000";"Bad Kreuznach";"3";"Ländlicher Kreis mit Verdichtungsansätzen"
"07134000";"Birkenfeld";"4";"Dünn besiedelter ländlicher Kreis"
"07135000";"Cochem-Zell";"4";"Dünn besiedelter ländlicher Kreis"
"07137000";"Mayen-Koblenz";"2";"Städtischer Kreis"
"07138000";"Neuwied";"2";"Städtischer Kreis"
"07140000";"Rhein-Hunsrück-Kreis";"3";"Ländlicher Kreis mit Verdichtungsansätzen"
"07141000";"Rhein-Lahn-Kreis";"2";"Städtischer Kreis"
"07143000";"Westerwaldkreis";"2";"Städtischer Kreis"
"07211000";"Trier, kreisfreie Stadt";"1";"kreisfreie Großstadt"
"07231000";"Bernkastel-Wittlich";"4";"Dünn besiedelter ländlicher Kreis"
"07232000";"Eifelkreis Bitburg-Prüm";"4";"Dünn besiedelter ländlicher Kreis"
"07233000";"Vulkaneifel";"4";"Dünn besiedelter ländlicher Kreis"
"07235000";"Trier-Saarburg";"3";"Ländlicher Kreis mit Verdichtungsansätzen"
"07311000";"Frankenthal (Pfalz), kreisfreie Stadt";"2";"Städtischer Kreis"
"07312000";"Kaiserslautern, kreisfreie Stadt";"2";"Städtischer Kreis"
"07313000";"Landau in der Pfalz, kreisfreie Stadt";"2";"Städtischer Kreis"
"07314000";"Ludwigshafen am Rhein, kreisfreie Stadt";"1";"kreisfreie Großstadt"
"07315000";"Mainz, kreisfreie Stadt";"1";"kreisfreie Großstadt"
"07316000";"Neustadt an der Weinstraße, kreisfreie Stadt";"2";"Städtischer Kreis"
"07317000";"Pirmasens, kreisfreie Stadt";"4";"Dünn besiedelter ländlicher Kreis"
"07318000";"Speyer, kreisfreie Stadt";"2";"Städtischer Kreis"
"07319000";"Worms, kreisfreie Stadt";"2";"Städtischer Kreis"
"07320000";"Zweibrücken, kreisfreie Stadt";"4";"Dünn besiedelter ländlicher Kreis"
"07331000";"Alzey-Worms";"2";"Städtischer Kreis"
"07332000";"Bad Dürkheim";"2";"Städtischer Kreis"
"07333000";"Donnersbergkreis";"3";"Ländlicher Kreis mit Verdichtungsansätzen"
"07334000";"Germersheim";"2";"Städtischer Kreis"
"07335000";"Kaiserslautern";"2";"Städtischer Kreis"
"07336000";"Kusel";"3";"Ländlicher Kreis mit Verdichtungsansätzen"
"07337000";"Südliche Weinstraße";"2";"Städtischer Kreis"
"07338000";"Rhein-Pfalz-Kreis";"2";"Städtischer Kreis"
"07339000";"Mainz-Bingen";"2";"Städtischer Kreis"
"07340000";"Südwestpfalz";"4";"Dünn besiedelter ländlicher Kreis"
"08111000";"Stuttgart, Stadtkreis";"1";"kreisfreie Großstadt"
"08115000";"Böblingen";"2";"Städtischer Kreis"
"08116000";"Esslingen";"2";"Städtischer Kreis"
"08117000";"Göppingen";"2";"Städtischer Kreis"
"08118000";"Ludwigsburg";"2";"Städtischer Kreis"
"08119000";"Rems-Murr-Kreis";"2";"Städtischer Kreis"
"08121000";"Heilbronn, Stadtkreis";"1";"kreisfreie Großstadt"
"08125000";"Heilbronn";"2";"Städtischer Kreis"
"08126000";"Hohenlohekreis";"3";"Ländlicher Kreis mit Verdichtungsansätzen"
"08127000";"Schwäbisch Hall";"3";"Ländlicher Kreis mit Verdichtungsansätzen"
"08128000";"Main-Tauber-Kreis";"4";"Dünn besiedelter ländlicher Kreis"
"08135000";"Heidenheim";"2";"Städtischer Kreis"
"08136000";"Ostalbkreis";"2";"Städtischer Kreis"
"08211000";"Baden-Baden, Stadtkreis";"2";"Städtischer Kreis"
"08212000";"Karlsruhe, Stadtkreis";"1";"kreisfreie Großstadt"
"08215000";"Karlsruhe";"2";"Städtischer Kreis"
"08216000";"Rastatt";"2";"Städtischer Kreis"
"08221000";"Heidelberg, Stadtkreis";"1";"kreisfreie Großstadt"
"08222000";"Mannheim, Stadtkreis";"1";"kreisfreie Großstadt"
"08225000";"Neckar-Odenwald-Kreis";"3";"Ländlicher Kreis mit Verdichtungsansätzen"
"08226000";"Rhein-Neckar-Kreis";"2";"Städtischer Kreis"
"08231000";"Pforzheim, Stadtkreis";"1";"kreisfreie Großstadt"
"08235000";"Calw";"2";"Städtischer Kreis"
"08236000";"Enzkreis";"2";"Städtischer Kreis"
"08237000";"Freudenstadt";"3";"Ländlicher Kreis mit Verdichtungsansätzen"
"08311000";"Freiburg im Breisgau, Stadtkreis";"1";"kreisfreie Großstadt"
"08315000";"Breisgau-Hochschwarzwald";"2";"Städtischer Kreis"
"08316000";"Emmendingen";"2";"Städtischer Kreis"
"08317000";"Ortenaukreis";"2";"Städtischer Kreis"
"08325000";"Rottweil";"2";"Städtischer Kreis"
"08326000";"Schwarzwald-Baar-Kreis";"2";"Städtischer Kreis"
"08327000";"Tuttlingen";"2";"Städtischer Kreis"
"08335000";"Konstanz";"2";"Städtischer Kreis"
"08336000";"Lörrach";"2";"Städtischer Kreis"
"08337000";"Waldshut";"3";"Ländlicher Kreis mit Verdichtungsansätzen"
"08415000";"Reutlingen";"2";"Städtischer Kreis"
"08416000";"Tübingen";"2";"Städtischer Kreis"
"08417000";"Zollernalbkreis";"2";"Städtischer Kreis"
"08421000";"Ulm, Stadtkreis";"1";"kreisfreie Großstadt"
"08425000";"Alb-Donau-Kreis";"3";"Ländlicher Kreis mit Verdichtungsansätzen"
"08426000";"Biberach";"3";"Ländlicher Kreis mit Verdichtungsansätzen"
"08435000";"Bodenseekreis";"2";"Städtischer Kreis"
"08436000";"Ravensburg";"2";"Städtischer Kreis"
"08437000";"Sigmaringen";"3";"Ländlicher Kreis mit Verdichtungsansätzen"
"09161000";"Ingolstadt";"1";"kreisfreie Großstadt"
"09162000";"München, Landeshauptstadt";"1";"kreisfreie Großstadt"
"09163000";"Rosenheim";"2";"Städtischer Kreis"
"09171000";"Altötting";"2";"Städtischer Kreis"
"09172000";"Berchtesgadener Land";"4";"Dünn besiedelter ländlicher Kreis"
"09173000";"Bad Tölz-Wolfratshausen";"4";"Dünn besiedelter ländlicher Kreis"
"09174000";"Dachau";"2";"Städtischer Kreis"
"09175000";"Ebersberg";"2";"Städtischer Kreis"
"09176000";"Eichstätt";"3";"Ländlicher Kreis mit Verdichtungsansätzen"
"09177000";"Erding";"3";"Ländlicher Kreis mit Verdichtungsansätzen"
"09178000";"Freising";"2";"Städtischer Kreis"
"09179000";"Fürstenfeldbruck";"2";"Städtischer Kreis"
"09180000";"Garmisch-Partenkirchen";"4";"Dünn besiedelter ländlicher Kreis"
"09181000";"Landsberg am Lech";"3";"Ländlicher Kreis mit Verdichtungsansätzen"
"09182000";"Miesbach";"3";"Ländlicher Kreis mit Verdichtungsansätzen"
"09183000";"Mühldorf a.Inn";"4";"Dünn besiedelter ländlicher Kreis"
"09184000";"München";"2";"Städtischer Kreis"
"09185000";"Neuburg-Schrobenhausen";"3";"Ländlicher Kreis mit Verdichtungsansätzen"
"09186000";"Pfaffenhofen a.d.Ilm";"2";"Städtischer Kreis"
"09187000";"Rosenheim";"2";"Städtischer Kreis"
"09188000";"Starnberg";"2";"Städtischer Kreis"
"09189000";"Traunstein";"4";"Dünn besiedelter ländlicher Kreis"
"09190000";"Weilheim-Schongau";"3";"Ländlicher Kreis mit Verdichtungsansätzen"
"09261000";"Landshut";"3";"Ländlicher Kreis mit Verdichtungsansätzen"
"09262000";"Passau";"3";"Ländlicher Kreis mit Verdichtungsansätzen"
"09263000";"Straubing";"4";"Dünn besiedelter ländlicher Kreis"
"09271000";"Deggendorf";"4";"Dünn besiedelter ländlicher Kreis"
"09272000";"Freyung-Grafenau";"4";"Dünn besiedelter ländlicher Kreis"
"09273000";"Kelheim";"3";"Ländlicher Kreis mit Verdichtungsansätzen"
"09274000";"Landshut";"3";"Ländlicher Kreis mit Verdichtungsansätzen"
"09275000";"Passau";"3";"Ländlicher Kreis mit Verdichtungsansätzen"
"09276000";"Regen";"4";"Dünn besiedelter ländlicher Kreis"
"09277000";"Rottal-Inn";"4";"Dünn besiedelter ländlicher Kreis"
"09278000";"Straubing-Bogen";"4";"Dünn besiedelter ländlicher Kreis"
"09279000";"Dingolfing-Landau";"4";"Dünn besiedelter ländlicher Kreis"
"09361000";"Amberg";"4";"Dünn besiedelter ländlicher Kreis"
"09362000";"Regensburg";"1";"kreisfreie Großstadt"
"09363000";"Weiden i.d.OPf.";"4";"Dünn besiedelter ländlicher Kreis"
"09371000";"Amberg-Sulzbach";"4";"Dünn besiedelter ländlicher Kreis"
"09372000";"Cham";"4";"Dünn besiedelter ländlicher Kreis"
"09373000";"Neumarkt i.d.OPf.";"4";"Dünn besiedelter ländlicher Kreis"
"09374000";"Neustadt a.d.Waldnaab";"4";"Dünn besiedelter ländlicher Kreis"
"09375000";"Regensburg";"3";"Ländlicher Kreis mit Verdichtungsansätzen"
"09376000";"Schwandorf";"4";"Dünn besiedelter ländlicher Kreis"
"09377000";"Tirschenreuth";"4";"Dünn besiedelter ländlicher Kreis"
"09461000";"Bamberg";"3";"Ländlicher Kreis mit Verdichtungsansätzen"
"09462000";"Bayreuth";"4";"Dünn besiedelter ländlicher Kreis"
"09463000";"Coburg";"3";"Ländlicher Kreis mit Verdichtungsansätzen"
"09464000";"Hof";"3";"Ländlicher Kreis mit Verdichtungsansätzen"
"09471000";"Bamberg";"3";"Ländlicher Kreis mit Verdichtungsansätzen"
"09472000";"Bayreuth";"4";"Dünn besiedelter ländlicher Kreis"
"09473000";"Coburg";"3";"Ländlicher Kreis mit Verdichtungsansätzen"
"09474000";"Forchheim";"3";"Ländlicher Kreis mit Verdichtungsansätzen"
"09475000";"Hof";"3";"Ländlicher Kreis mit Verdichtungsansätzen"
"09476000";"Kronach";"3";"Ländlicher Kreis mit Verdichtungsansätzen"
"09477000";"Kulmbach";"4";"Dünn besiedelter ländlicher Kreis"
"09478000";"Lichtenfels";"3";"Ländlicher Kreis mit Verdichtungsansätzen"
"09479000";"Wunsiedel i.Fichtelgebirge";"3";"Ländlicher Kreis mit Verdichtungsansätzen"
"09561000";"Ansbach";"4";"Dünn besiedelter ländlicher Kreis"
"09562000";"Erlangen";"1";"kreisfreie Großstadt"
"09563000";"Fürth";"1";"kreisfreie Großstadt"
"09564000";"Nürnberg";"1";"kreisfreie Großstadt"
"09565000";"Schwabach";"3";"Ländlicher Kreis mit Verdichtungsansätzen"
"09571000";"Ansbach";"4";"Dünn besiedelter ländlicher Kreis"
"09572000";"Erlangen-Höchstadt";"2";"Städtischer Kreis"
"09573000";"Fürth";"2";"Städtischer Kreis"
"09574000";"Nürnberger Land";"2";"Städtischer Kreis"
"09575000";"Neustadt a.d.Aisch-Bad Windsheim";"4";"Dünn besiedelter ländlicher Kreis"
"09576000";"Roth";"3";"Ländlicher Kreis mit Verdichtungsansätzen"
"09577000";"Weißenburg-Gunzenhausen";"4";"Dünn besiedelter ländlicher Kreis"
"09661000";"Aschaffenburg";"2";"Städtischer Kreis"
"09662000";"Schweinfurt";"3";"Ländlicher Kreis mit Verdichtungsansätzen"
"09663000";"Würzburg";"1";"kreisfreie Großstadt"
"09671000";"Aschaffenburg";"2";"Städtischer Kreis"
"09672000";"Bad Kissingen";"4";"Dünn besiedelter ländlicher Kreis"
"09673000";"Rhön-Grabfeld";"4";"Dünn besiedelter ländlicher Kreis"
"09674000";"Haßberge";"4";"Dünn besiedelter ländlicher Kreis"
"09675000";"Kitzingen";"3";"Ländlicher Kreis mit Verdichtungsansätzen"
"09676000";"Miltenberg";"2";"Städtischer Kreis"
"09677000";"Main-Spessart";"4";"Dünn besiedelter ländlicher Kreis"
"09678000";"Schweinfurt";"3";"Ländlicher Kreis mit Verdichtungsansätzen"
"09679000";"Würzburg";"2";"Städtischer Kreis"
"09761000";"Augsburg";"1";"kreisfreie Großstadt"
"09762000";"Kaufbeuren";"3";"Ländlicher Kreis mit Verdichtungsansätzen"
"09763000";"Kempten (Allgäu)";"4";"Dünn besiedelter ländlicher Kreis"
"09764000";"Memmingen";"3";"Ländlicher Kreis mit Verdichtungsansätzen"
"09771000";"Aichach-Friedberg";"3";"Ländlicher Kreis mit Verdichtungsansätzen"
"09772000";"Augsburg";"2";"Städtischer Kreis"
"09773000";"Dillingen a.d.Donau";"4";"Dünn besiedelter ländlicher Kreis"
"09774000";"Günzburg";"2";"Städtischer Kreis"
"09775000";"Neu-Ulm";"2";"Städtischer Kreis"
"09776000";"Lindau (Bodensee)";"2";"Städtischer Kreis"
"09777000";"Ostallgäu";"3";"Ländlicher Kreis mit Verdichtungsansätzen"
"09778000";"Unterallgäu";"3";"Ländlicher Kreis mit Verdichtungsansätzen"
"09779000";"Donau-Ries";"4";"Dünn besiedelter ländlicher Kreis"
"09780000";"Oberallgäu";"4";"Dünn besiedelter ländlicher Kreis"
"10041000";"Regionalverband Saarbrücken";"2";"Städtischer Kreis"
"10042000";"Merzig-Wadern";"2";"Städtischer Kreis"
"10043000";"Neunkirchen";"2";"Städtischer Kreis"
"10044000";"Saarlouis";"2";"Städtischer Kreis"
"10045000";"Saarpfalz-Kreis";"2";"Städtischer Kreis"
"10046000";"St. Wendel";"2";"Städtischer Kreis"
"11000000";"Berlin, Stadt";"1";"kreisfreie Großstadt"
"12051000";"Brandenburg an der Havel, Stadt";"3";"Ländlicher Kreis mit Verdichtungsansätzen"
"12052000";"Cottbus, Stadt";"3";"Ländlicher Kreis mit Verdichtungsansätzen"
"12053000";"Frankfurt (Oder), Stadt";"4";"Dünn besiedelter ländlicher Kreis"
"12054000";"Potsdam, Stadt";"1";"kreisfreie Großstadt"
"12060000";"Barnim";"3";"Ländlicher Kreis mit Verdichtungsansätzen"
"12061000";"Dahme-Spreewald";"4";"Dünn besiedelter ländlicher Kreis"
"12062000";"Elbe-Elster";"4";"Dünn besiedelter ländlicher Kreis"
"12063000";"Havelland";"4";"Dünn besiedelter ländlicher Kreis"
"12064000";"Märkisch-Oderland";"4";"Dünn besiedelter ländlicher Kreis"
"12065000";"Oberhavel";"4";"Dünn besiedelter ländlicher Kreis"
"12066000";"Oberspreewald-Lausitz";"4";"Dünn besiedelter ländlicher Kreis"
"12067000";"Oder-Spree";"4";"Dünn besiedelter ländlicher Kreis"
"12068000";"Ostprignitz-Ruppin";"4";"Dünn besiedelter ländlicher Kreis"
"12069000";"Potsdam-Mittelmark";"3";"Ländlicher Kreis mit Verdichtungsansätzen"
"12070000";"Prignitz";"4";"Dünn besiedelter ländlicher Kreis"
"12071000";"Spree-Neiße";"3";"Ländlicher Kreis mit Verdichtungsansätzen"
"12072000";"Teltow-Fläming";"3";"Ländlicher Kreis mit Verdichtungsansätzen"
"12073000";"Uckermark";"4";"Dünn besiedelter ländlicher Kreis"
"13003000";"Rostock";"1";"kreisfreie Großstadt"
"13004000";"Schwerin";"3";"Ländlicher Kreis mit Verdichtungsansätzen"
"13071000";"Mecklenburgische Seenplatte";"4";"Dünn besiedelter ländlicher Kreis"
"13072000";"Landkreis Rostock";"4";"Dünn besiedelter ländlicher Kreis"
"13073000";"Vorpommern-Rügen";"4";"Dünn besiedelter ländlicher Kreis"
"13074000";"Nordwestmecklenburg";"3";"Ländlicher Kreis mit Verdichtungsansätzen"
"13075000";"Vorpommern-Greifswald";"4";"Dünn besiedelter ländlicher Kreis"
"13076000";"Ludwigslust-Parchim";"4";"Dünn besiedelter ländlicher Kreis"
"14511000";"Chemnitz, Stadt";"1";"kreisfreie Großstadt"
"14521000";"Erzgebirgskreis";"2";"Städtischer Kreis"
"14522000";"Mittelsachsen";"3";"Ländlicher Kreis mit Verdichtungsansätzen"
"14523000";"Vogtlandkreis";"3";"Ländlicher Kreis mit Verdichtungsansätzen"
"14524000";"Zwickau";"2";"Städtischer Kreis"
"14612000";"Dresden, Stadt";"1";"kreisfreie Großstadt"
"14625000";"Bautzen";"3";"Ländlicher Kreis mit Verdichtungsansätzen"
"14626000";"Görlitz";"4";"Dünn besiedelter ländlicher Kreis"
"14627000";"Meißen";"4";"Dünn besiedelter ländlicher Kreis"
"14628000";"Sächsische Schweiz-Osterzgebirge";"3";"Ländlicher Kreis mit Verdichtungsansätzen"
"14713000";"Leipzig, Stadt";"1";"kreisfreie Großstadt"
"14729000";"Leipzig";"3";"Ländlicher Kreis mit Verdichtungsansätzen"
"14730000";"Nordsachsen";"4";"Dünn besiedelter ländlicher Kreis"
"15001000";"Dessau-Roßlau, Stadt";"3";"Ländlicher Kreis mit Verdichtungsansätzen"
"15002000";"Halle (Saale), Stadt";"1";"kreisfreie Großstadt"
"15003000";"Magdeburg, Landeshauptstadt";"1";"kreisfreie Großstadt"
"15081000";"Altmarkkreis Salzwedel";"3";"Ländlicher Kreis mit Verdichtungsansätzen"
"15082000";"Anhalt-Bitterfeld";"3";"Ländlicher Kreis mit Verdichtungsansätzen"
"15083000";"Börde";"4";"Dünn besiedelter ländlicher Kreis"
"15084000";"Burgenlandkreis";"3";"Ländlicher Kreis mit Verdichtungsansätzen"
"15085000";"Harz";"3";"Ländlicher Kreis mit Verdichtungsansätzen"
"15086000";"Jerichower Land";"4";"Dünn besiedelter ländlicher Kreis"
"15087000";"Mansfeld-Südharz";"4";"Dünn besiedelter ländlicher Kreis"
"15088000";"Saalekreis";"3";"Ländlicher Kreis mit Verdichtungsansätzen"
"15089000";"Salzlandkreis";"3";"Ländlicher Kreis mit Verdichtungsansätzen"
"15090000";"Stendal";"4";"Dünn besiedelter ländlicher Kreis"
"15091000";"Wittenberg";"4";"Dünn besiedelter ländlicher Kreis"
"16051000";"Erfurt, Stadt";"1";"kreisfreie Großstadt"
"16052000";"Gera, Stadt";"2";"Städtischer Kreis"
"16053000";"Jena, Stadt";"1";"kreisfreie Großstadt"
"16054000";"Suhl, Stadt";"4";"Dünn besiedelter ländlicher Kreis"
"16055000";"Weimar, Stadt";"2";"Städtischer Kreis"
"16056000";"Eisenach, Stadt";"4";"Dünn besiedelter ländlicher Kreis"
"16061000";"Eichsfeld";"4";"Dünn besiedelter ländlicher Kreis"
"16062000";"Nordhausen";"4";"Dünn besiedelter ländlicher Kreis"
"16063000";"Wartburgkreis";"4";"Dünn besiedelter ländlicher Kreis"
"16064000";"Unstrut-Hainich-Kreis";"4";"Dünn besiedelter ländlicher Kreis"
"16065000";"Kyffhäuserkreis";"4";"Dünn besiedelter ländlicher Kreis"
"16066000";"Schmalkalden-Meiningen";"4";"Dünn besiedelter ländlicher Kreis"
"16067000";"Gotha";"3";"Ländlicher Kreis mit Verdichtungsansätzen"
"16068000";"Sömmerda";"4";"Dünn besiedelter ländlicher Kreis"
"16069000";"Hildburghausen";"4";"Dünn besiedelter ländlicher Kreis"
"16070000";"Ilm-Kreis";"3";"Ländlicher Kreis mit Verdichtungsansätzen"
"16071000";"Weimarer Land";"2";"Städtischer Kreis"
"16072000";"Sonneberg";"4";"Dünn besiedelter ländlicher Kreis"
"16073000";"Saalfeld-Rudolstadt";"4";"Dünn besiedelter ländlicher Kreis"
"16074000";"Saale-Holzland-Kreis";"3";"Ländlicher Kreis mit Verdichtungsansätzen"
"16075000";"Saale-Orla-Kreis";"4";"Dünn besiedelter ländlicher Kreis"
"16076000";"Greiz";"2";"Städtischer Kreis"
"16077000";"Altenburger Land";"3";"Ländlicher Kreis mit Verdichtungsansätzen"
